{
  "project_info": {
    "project_number": "692251668006",
    "firebase_url": "https://tourist-app-fesb-default-rtdb.europe-west1.firebasedatabase.app/",
    "project_id": "tourist-app-fesb",
    "storage_bucket": "tourist-app-fesb.appspot.com"
  },
  "client": [
    {
      "client_info": {
        "mobilesdk_app_id": "1:692251668006:android:6fa8b58291a0052f9900e7",
        "android_client_info": {
          "package_name": "com.turistfolder.proba2"
        }
      },
      "oauth_client": [
        {
          "client_id": "692251668006-6trn6pbs09m87urf8s1kg4j8446avkhj.apps.googleusercontent.com",
          "client_type": 3
        }
      ],
      "api_key": [
        {
          "current_key": "AIzaSyCjjZ9OjeO0C7IyNMBbscd8TADGzYqbppU"
        }
      ],
      "services": {
        "appinvite_service": {
          "other_platform_oauth_client": [
            {
              "client_id": "692251668006-6trn6pbs09m87urf8s1kg4j8446avkhj.apps.googleusercontent.com",
              "client_type": 3
            }
          ]
        }
      }
    }
  ],
  "configuration_version": "1"
}